{
  "d_t": [
    NaN,
    1.4851181160248255,
    1.3467688303392025,
    1.3824549625089722,
    1.6662241663892976,
    1.4086495434809219,
    1.2375455146450836,
    1.4122091580337928,
    1.3321644025877653,
    1.103555480882251,
    0.6553175919165982,
    0.8772257997900944,
    1.3460801980901413,
    1.540810792094101,
    0.8610901621564042,
    0.927788124515575,
    1.0323910212548122,
    1.2322001416869903,
    0.9581744404964034,
    0.8414676459995993,
    1.2828027095591283,
    1.168324298073934,
    0.9067846040481297,
    1.258946907781159,
    1.3285953299416657,
    0.8869339110646852,
    1.0121986485690633,
    1.1598699545163733,
    1.0480679637685468,
    1.173757904764895,
    1.510950017028932,
    1.3892566893666347
  ],
  "valid_count_per_t": [
    0,
    5,
    6,
    6,
    6,
    6,
    6,
    6,
    6,
    6,
    6,
    6,
    6,
    6,
    6,
    6,
    6,
    6,
    6,
    6,
    6,
    6,
    6,
    6,
    6,
    6,
    6,
    6,
    6,
    6,
    6,
    6
  ],
  "skipped_timesteps": 1,
  "kept_timesteps": 31,
  "total_timesteps": 32,
  "avg_valid_channels": 5.78125,
  "corr_frob_masked": 1.1862491945605156,
  "eps": 1e-06,
  "lagged_corr_frob": {
    "L": 4,
    "D_lags": [
      1.1862491945413958,
      1.2253853389990115,
      1.2520763623530866,
      1.3060059613533588,
      1.2832722268920678
    ],
    "kept_pairs": [
      31,
      30,
      29,
      28,
      27
    ],
    "d_t_per_lag": [
      [
        NaN,
        1.4851181160008757,
        1.3467688303174827,
        1.382454962486685,
        1.6662241663624369,
        1.4086495434582147,
        1.2375455146251337,
        1.4122091580110279,
        1.3321644025662935,
        1.1035554808644654,
        0.6553175919060374,
        0.877225799775957,
        1.3460801980684467,
        1.5408107920692669,
        0.8610901621425288,
        0.9277881245006226,
        1.032391021238176,
        1.2322001416671338,
        0.9581744404809639,
        0.8414676459860405,
        1.2828027095384555,
        1.1683242980551056,
        0.9067846040335137,
        1.2589469077608695,
        1.3285953299202546,
        0.8869339110503921,
        1.01219864855275,
        1.1598699544976792,
        1.0480679637516574,
        1.1737579047459794,
        1.5109500170045813,
        1.3892566893442448
      ],
      [
        NaN,
        1.411997372559817,
        1.3968183508120655,
        1.494177723503636,
        1.6062292089109493,
        1.4296418047299875,
        1.5998905077887386,
        1.4699018098497747,
        1.2771024275216227,
        0.8677715734366412,
        0.9051213929793553,
        1.1926262433758297,
        1.4216797724664167,
        1.32425592363507,
        1.007747042585949,
        0.9878729056389087,
        1.0843616830744947,
        1.1163487420855815,
        0.9572276167776809,
        1.1124190465515917,
        1.2975492551844376,
        1.2103555979009113,
        1.1536431443798125,
        1.3047341008216173,
        0.9154765144575395,
        0.9043892844096666,
        1.1018461602912117,
        1.0999379356650238,
        1.1810924699783742,
        1.4421583214266398,
        1.4871862371710047
      ],
      [
        NaN,
        1.4347992925945652,
        1.505084187863285,
        1.3573683753420231,
        1.683699585794282,
        1.7423997990583722,
        1.5676893620439776,
        1.3196035996640756,
        1.1247417121155807,
        1.0896294627019083,
        1.203137583303298,
        1.314106282953587,
        1.3185061718961333,
        1.3317748149643767,
        0.9362920659653025,
        1.0666208413343656,
        1.105391576145252,
        1.1412587575404276,
        1.4112407105785367,
        1.0071272549802137,
        1.099723352733739,
        1.4486057129127092,
        1.1358089505502311,
        1.0417924652841228,
        0.9859396364487244,
        1.0717017791040289,
        1.0514942633215671,
        1.1808900750159597,
        1.3716374448037068,
        1.2621493912251587
      ],
      [
        NaN,
        1.5635549635156187,
        1.3704423862877613,
        1.5313089938127749,
        1.7993756681025765,
        1.6333052087383677,
        1.3594102435688737,
        1.23735611894126,
        1.2826604667202635,
        1.4509376059826837,
        1.3108021314250988,
        1.2641158471274778,
        1.3391666447992983,
        1.2971191987277837,
        1.13685847923146,
        1.0474681018084593,
        1.28444895912472,
        1.516277969046955,
        1.3016612477135414,
        1.0270644465837626,
        1.310013535379243,
        1.4462665492857336,
        1.0769062635260391,
        1.0410586048974444,
        1.0818294857695225,
        0.982320992725665,
        1.2262843305500686,
        1.435236759237086,
        1.2149157152645114
      ],
      [
        NaN,
        1.4365076061778344,
        1.5195691293247158,
        1.602961800106817,
        1.566650593922059,
        1.3072012014459538,
        1.2257748492950544,
        1.351138741985882,
        1.6325252206430925,
        1.45131664830436,
        1.089276087529675,
        1.3476436502230256,
        1.219207199460185,
        1.2896995152807276,
        1.0167343649459113,
        1.0941112642670292,
        1.4962380817970236,
        1.266792200677436,
        1.1659028633660766,
        1.3052361579521734,
        1.1241316182289507,
        1.1494390772327725,
        1.0100281153564834,
        1.1103920026086793,
        1.0317846090911882,
        1.184880014127741,
        1.3577677643824795,
        1.2954397483525009
      ]
    ],
    "total_pairs_per_lag": [
      32,
      31,
      30,
      29,
      28
    ]
  }
}