{
  "d_t": [
    NaN,
    0.8955034631286914,
    1.449068662430476,
    1.2107128161188307,
    1.039991089804634,
    1.0211718147830997,
    1.1531754316650833,
    1.2859295364974395,
    1.117455912581801,
    0.9808513170024568,
    1.045735119196394,
    0.9593990917723163,
    1.1804191030486515,
    1.5442650210189566,
    0.9589762364310742,
    0.7707179335120489,
    0.6372966090664507,
    0.6809598081613492,
    0.6520060027357258,
    0.8117134957234584,
    1.2860707357119927,
    1.5147339449664965,
    1.4684598834221005,
    1.564212353599346,
    1.5388307554076464,
    1.2722242810177307,
    1.3238788829722705,
    1.6911500611372294,
    1.2228276879842115,
    1.3902620265578527,
    1.9396135887741228,
    1.7398037827099408
  ],
  "valid_count_per_t": [
    0,
    5,
    6,
    6,
    6,
    6,
    6,
    6,
    6,
    6,
    6,
    6,
    6,
    6,
    6,
    6,
    6,
    6,
    6,
    6,
    6,
    6,
    6,
    6,
    6,
    6,
    6,
    6,
    6,
    6,
    6,
    6
  ],
  "skipped_timesteps": 1,
  "kept_timesteps": 31,
  "total_timesteps": 32,
  "avg_valid_channels": 5.78125,
  "corr_frob_masked": 1.2047553693206414,
  "eps": 1e-06,
  "lagged_corr_frob": {
    "L": 4,
    "D_lags": [
      1.2047553693012232,
      1.2896476224047808,
      1.359055444937661,
      1.4413686121816862,
      1.4688267363047387
    ],
    "kept_pairs": [
      31,
      30,
      29,
      28,
      27
    ],
    "d_t_per_lag": [
      [
        NaN,
        0.8955034631142583,
        1.4490686624071212,
        1.2107128160993172,
        1.0399910897878728,
        1.0211718147666404,
        1.1531754316464973,
        1.2859295364767138,
        1.1174559125637882,
        0.9808513169866484,
        1.0457351191795399,
        0.9593990917568522,
        1.1804191030296254,
        1.5442650209940672,
        0.9589762364156181,
        0.7707179334996265,
        0.6372966090561798,
        0.6809598081503752,
        0.6520060027252177,
        0.8117134957103768,
        1.286070735691266,
        1.5147339449420807,
        1.4684598833984326,
        1.564212353574135,
        1.5388307553828435,
        1.2722242809972242,
        1.3238788829509323,
        1.6911500611099701,
        1.2228276879645008,
        1.3902620265354442,
        1.9396135887428612,
        1.7398037826818917
      ],
      [
        NaN,
        1.220270950276286,
        1.3987986525131246,
        1.1570749972347902,
        1.142504914828781,
        1.2322390437760735,
        1.4271311991958513,
        1.4006536388056017,
        1.1417776355484257,
        1.1929660910060753,
        1.0617994110402122,
        1.1580818037529965,
        1.4174641892976287,
        1.34100335568241,
        0.9755989534526224,
        0.8152375791695206,
        0.7298337206808488,
        0.7698806480701431,
        0.8064802231190347,
        1.314688939990743,
        1.4407257258935293,
        1.5179367528178418,
        1.6073428600342883,
        1.5797624728238624,
        1.3941410370933236,
        1.3260965765640256,
        1.5159522835842025,
        1.5337201817399597,
        1.3209101974417485,
        1.8477350822477603,
        1.9016195544617074
      ],
      [
        NaN,
        1.0832394467127235,
        1.290129051107441,
        1.2298800164332906,
        1.4021353863013808,
        1.353806073771823,
        1.60643476452622,
        1.3966428610226058,
        1.3008076621671432,
        1.1637460172422731,
        1.32240001603649,
        1.3521853251021945,
        1.2275517378650123,
        1.3926929229806952,
        0.8411376019542331,
        0.8739877494147089,
        0.9162553007483286,
        0.921788334534976,
        1.5894419895016862,
        1.575000215987046,
        1.5074588192621186,
        1.695216361594161,
        1.5911778060859618,
        1.3768794938060716,
        1.492087178053058,
        1.549101872947493,
        1.3368547742641672,
        1.4487221594328759,
        1.8711805541273452,
        1.7046664102086426
      ],
      [
        NaN,
        0.9974829897734298,
        1.399434240973792,
        1.6007297457259324,
        1.4368740546429866,
        1.4100366065522614,
        1.4924387094487426,
        1.6238791289180268,
        1.3109105688689282,
        1.3699287417425166,
        1.4751970154155591,
        1.2916222022042356,
        1.2188209092941569,
        1.2765721715111547,
        0.9913038564192697,
        0.9492750408416262,
        1.1235448138891153,
        1.5190257204327944,
        1.8342263690129244,
        1.6655381157300282,
        1.6958045004058302,
        1.615158333281942,
        1.4977780935671545,
        1.406286883481402,
        1.7070368660640731,
        1.3986067716399604,
        1.3690806924329053,
        2.0198924360228587,
        1.6618355627936146
      ],
      [
        NaN,
        1.057566036600191,
        1.7074065699095213,
        1.5483036182003123,
        1.298900668029618,
        1.2944535164808049,
        1.5452075025058587,
        1.6661962091117843,
        1.576606200576381,
        1.4599755292716694,
        1.282983206444936,
        1.3834116528678106,
        1.154909446120694,
        1.3062997036949584,
        0.9367196104219296,
        0.9720742484305807,
        1.4748490253304103,
        1.6015872177612742,
        1.8065191422607767,
        1.7553525934237042,
        1.6384606383064435,
        1.4411004314845728,
        1.4815053284717168,
        1.622879827982004,
        1.5934583426050863,
        1.4075942516555005,
        1.9253881496226728,
        1.7186132126567322
      ]
    ],
    "total_pairs_per_lag": [
      32,
      31,
      30,
      29,
      28
    ]
  }
}