{
  "d_t": [
    NaN,
    0.7891355603673311,
    0.8978817939201073,
    0.861347782985866,
    1.0472942648693164,
    0.7011098045791109,
    0.834597463140588,
    1.1724468350306436,
    0.9277230234813739,
    0.6818139173526171,
    0.7313934330089706,
    0.7530674129785089,
    0.9646059045482221,
    1.2704730184579063,
    0.5973924258826158,
    0.7038867431813519,
    0.8679607405446652,
    0.9344353864390632,
    0.9847576717325742,
    0.8752385284061299,
    1.294989945008871,
    1.4759637419988187,
    1.0957565564213043,
    1.1997577060027007,
    0.8665524845616508,
    0.8782377421862273,
    0.8968705624123606,
    1.4471250053609477,
    1.37209667971048,
    1.7144147186135776,
    1.8913060403200874,
    1.4291883684350963
  ],
  "valid_count_per_t": [
    0,
    5,
    6,
    6,
    6,
    6,
    6,
    6,
    6,
    6,
    6,
    6,
    6,
    6,
    6,
    6,
    6,
    6,
    6,
    6,
    6,
    6,
    6,
    6,
    6,
    6,
    6,
    6,
    6,
    6,
    6,
    6
  ],
  "skipped_timesteps": 1,
  "kept_timesteps": 31,
  "total_timesteps": 32,
  "avg_valid_channels": 5.78125,
  "corr_frob_masked": 1.0373813310302933,
  "eps": 1e-06,
  "lagged_corr_frob": {
    "L": 4,
    "D_lags": [
      1.037381331013574,
      1.1123306512568698,
      1.1743580597060699,
      1.268468041132521,
      1.2676109133193354
    ],
    "kept_pairs": [
      31,
      30,
      29,
      28,
      27
    ],
    "d_t_per_lag": [
      [
        NaN,
        0.7891355603546127,
        0.8978817939056365,
        0.861347782971984,
        1.0472942648524382,
        0.7011098045678115,
        0.8345974631271372,
        1.1724468350117476,
        0.9277230234664222,
        0.6818139173416287,
        0.7313934329971832,
        0.753067412966372,
        0.964605904532676,
        1.2704730184374307,
        0.5973924258729879,
        0.7038867431700078,
        0.8679607405306768,
        0.9344353864240034,
        0.9847576717167036,
        0.8752385283920243,
        1.2949899449880005,
        1.4759637419750313,
        1.0957565564036444,
        1.199757705983365,
        0.866552484547685,
        0.8782377421720731,
        0.8968705623979062,
        1.447125005337625,
        1.3720966796883667,
        1.7144147185859473,
        1.8913060402896065,
        1.4291883684120628
      ],
      [
        NaN,
        0.8433628973476477,
        0.920588801591737,
        0.9663986255605074,
        0.9710233481979934,
        0.9215455663744255,
        1.2811985839562492,
        1.092139463110488,
        0.9429387391728762,
        0.7848260706530085,
        0.7944128317088412,
        0.9752029308521099,
        1.1192605852151374,
        1.149737712396841,
        0.7844002644567203,
        0.8567273299700958,
        0.9111684348189721,
        1.000042252175074,
        1.0802323141074006,
        1.1539675122478135,
        1.3421110989109806,
        1.4236725699703054,
        1.3229951999740341,
        1.1019829902468283,
        0.8289366266009384,
        0.9026386222736213,
        1.2299035365945838,
        1.467793855595968,
        1.5741657322167155,
        1.8912488262485438,
        1.735296215159639
      ],
      [
        NaN,
        0.814691799678884,
        0.9596021361974528,
        0.9174223223648079,
        1.1916583453328904,
        1.302601015115388,
        1.2905960614211573,
        1.034573122866533,
        0.9625175781803235,
        0.8703190336092806,
        1.0484111327318084,
        1.0957760151709188,
        1.0238369394692046,
        1.2454516990865157,
        0.8228273227971096,
        0.8957722873378784,
        1.1002303317054738,
        1.1135423671115037,
        1.633853344561094,
        1.2387798225973052,
        1.26956669934503,
        1.637505108008061,
        1.0768193267092305,
        1.057853895043769,
        0.8313202132628827,
        1.2768827376113738,
        1.3628750048786782,
        1.5863237944398956,
        1.7682864678610786,
        1.6264878069804902
      ],
      [
        NaN,
        0.9362886346323419,
        0.9756586990078523,
        1.2857737414998405,
        1.3755294898196357,
        1.2431574431488073,
        1.2889429361394413,
        1.1243377627948,
        1.118565616621658,
        1.1703343498397898,
        1.150133685515105,
        1.0778703228997573,
        1.1873647010568962,
        1.1959233525796968,
        1.0629926406349572,
        1.0273813893511343,
        1.305567603244707,
        1.5856043645955935,
        1.7534734268479406,
        1.1353451598658117,
        1.527550505352696,
        1.2861934823093673,
        1.309736920099963,
        1.0319395630295727,
        1.1438308617580344,
        1.334627680855166,
        1.5265702976341848,
        1.8634233062467547,
        1.4929872143290837
      ],
      [
        NaN,
        0.7761933222089473,
        1.2762568433055823,
        1.4464224536475008,
        1.1567842963478905,
        0.9852423466549688,
        1.106376741771973,
        1.1712781199719169,
        1.424540761699297,
        1.163244624986885,
        0.9965053063808867,
        1.2013589761989913,
        1.088392661524396,
        1.2399078967734045,
        1.077837304026286,
        1.0817980926753772,
        1.5377296768420943,
        1.54701384190054,
        1.3966919032010043,
        1.4544493914277725,
        1.2156647622698504,
        1.295994427450561,
        1.1587140881382154,
        1.2866029243141635,
        1.2625869968145513,
        1.5980957906152045,
        1.6420950568877462,
        1.6377160515860547
      ]
    ],
    "total_pairs_per_lag": [
      32,
      31,
      30,
      29,
      28
    ]
  }
}